Wavelength [nm], Irradiance (before midnight), Irradiance (after midnight)
400.0, 5.40617679493e-09, 1.89197323054e-09
400.5, 5.31751640542e-09, 2.21740944212e-09
401.0, 6.33074644209e-09, 2.57487416891e-09
401.5, 6.69412841496e-09, 2.4448495078e-09
402.0, 4.3442198902e-09, 2.56903295268e-09
402.5, 5.05903624634e-09, 2.40188528516e-09
403.0, 6.0164048653e-09, 2.6259934756e-09
403.5, 6.81669902767e-09, 3.53950519232e-09
404.0, 8.01122539504e-09, 5.04923376142e-09
404.5, 9.38259451402e-09, 7.36411535312e-09
405.0, 1.10680220333e-08, 8.86466221663e-09
405.5, 1.18109270077e-08, 8.3532194969e-09
406.0, 9.10183051085e-09, 6.13306953739e-09
406.5, 7.7754421263e-09, 4.43988351977e-09
407.0, 4.65444259401e-09, 2.84495985332e-09
407.5, 5.30134869185e-09, 2.37154282864e-09
408.0, 4.42388067353e-09, 2.53518892398e-09
408.5, 3.96781226395e-09, 2.61444008019e-09
409.0, 4.30548231102e-09, 2.33104707356e-09
409.5, 4.62874096017e-09, 2.28580996013e-09
410.0, 4.72195270443e-09, 2.17445369244e-09
410.5, 5.04869751544e-09, 2.65372484761e-09
411.0, 5.20012643442e-09, 3.11449463731e-09
411.5, 4.88675223711e-09, 3.02564822717e-09
412.0, 4.06452987251e-09, 2.623687218e-09
412.5, 3.29810287829e-09, 2.19584802814e-09
413.0, 3.36200037174e-09, 2.06438257215e-09
413.5, 3.57563889423e-09, 1.84433225035e-09
414.0, 2.70993811874e-09, 1.5599145312e-09
414.5, 2.27154576605e-09, 1.0784654251e-09
415.0, 2.21938392792e-09, 9.16514955298e-10
415.5, 1.51501852717e-09, 5.85626875316e-10
416.0, 1.70082774218e-09, 3.73436266925e-10
416.5, 1.56883890743e-09, 7.96332903889e-10
417.0, 1.89207230972e-09, 5.29155918127e-10
417.5, 1.2535149426e-09, 5.82901826095e-10
418.0, 1.17949792392e-09, 4.41562935934e-10
418.5, 1.17196132155e-09, 3.2290153911e-10
419.0, 9.07348192257e-10, 3.30817863121e-10
419.5, 6.48748850903e-10, 3.9296563734e-10
420.0, 8.12444870146e-10, 2.93828867348e-10
420.5, 1.28738250621e-09, 5.21895256804e-10
421.0, 1.3460584203e-09, 4.60042160261e-10
421.5, 1.14844336526e-09, 3.45255027539e-10
422.0, 7.64261393919e-10, 3.84025219633e-10
422.5, 1.55929336315e-09, 5.49673987983e-10
423.0, 1.64452708573e-09, 3.57920702928e-10
423.5, 1.56547295607e-09, 1.57518804585e-10
424.0, 9.68954432554e-10, 1.28289709247e-10
424.5, 4.7208157198e-10, 6.26383191885e-11
425.0, 4.1993268881e-10, 7.61638337974e-11
425.5, 4.11859655727e-10, 2.24367857736e-10
426.0, 3.18736635921e-10, -5.89704335453e-12
426.5, -1.3151608525e-11, -6.94352050604e-11
427.0, 3.35360941736e-10, 1.39542157326e-10
427.5, -2.98027813461e-11, -1.43256484589e-10
428.0, 3.17907637335e-10, -9.66717084649e-11
428.5, 3.48883211807e-10, -1.08503606975e-10
429.0, 3.92917230796e-10, -2.67620894498e-10
429.5, -1.44587342598e-10, -2.98221624043e-10
430.0, -3.50401671214e-10, -1.92922643528e-10
430.5, 1.44844101505e-10, -2.11012548481e-10
431.0, -6.25954605479e-11, -9.2343039527e-11
431.5, 5.7248184398e-10, 1.80125350303e-11
432.0, 4.80393884013e-10, 1.70169636348e-10
432.5, 1.27415295735e-10, 3.87816126869e-10
433.0, -2.69005251685e-12, 1.49262902891e-10
433.5, 2.42440294655e-10, 3.78747553115e-10
434.0, 3.43217228083e-10, 7.18564560597e-10
434.5, 1.00819621068e-09, 1.82473365482e-09
435.0, 4.60410768405e-09, 6.19902452329e-09
435.5, 1.618639506e-08, 2.1402743443e-08
436.0, 3.32324763552e-08, 3.84667554667e-08
436.5, 3.68613708057e-08, 4.22133483274e-08
437.0, 3.37396836734e-08, 3.61976868439e-08
437.5, 1.92229322504e-08, 1.94678693979e-08
438.0, 6.16869786545e-09, 6.39961840071e-09
438.5, 1.77907481692e-09, 2.84467160454e-09
439.0, 1.0336788126e-09, 1.87592691933e-09
439.5, 7.99500114365e-10, 1.61952351562e-09
440.0, 7.65958387018e-10, 1.51128814641e-09
440.5, 9.30363540586e-10, 1.43847604762e-09
441.0, 7.21704345226e-10, 1.32106223429e-09
441.5, 4.46422822205e-10, 1.14612426376e-09
442.0, 4.16015600546e-10, 9.90268783899e-10
442.5, 7.43392913228e-10, 8.98414605993e-10
443.0, 3.71115714694e-10, 7.97542249624e-10
443.5, 1.24282724019e-10, 9.53265079815e-10
444.0, 4.79392506715e-11, 1.01203905125e-09
444.5, 2.88410326375e-10, 8.3774659255e-10
445.0, 2.22822822182e-10, 8.34926826859e-10
445.5, 2.92551185547e-10, 8.37566826332e-10
446.0, 5.75576505225e-10, 8.69001169798e-10
446.5, 2.01831250089e-10, 1.11893273277e-09
447.0, 4.00999529681e-10, 1.25795111326e-09
447.5, 3.04704876499e-10, 1.12583844749e-09
448.0, -6.31826673558e-11, 1.17831885878e-09
448.5, 2.01062101671e-10, 1.35671220337e-09
449.0, 6.98218243927e-10, 1.90698005022e-09
449.5, 1.43284447188e-09, 2.81731891819e-09
450.0, 2.45575396721e-09, 3.81042531205e-09
450.5, 3.93500708047e-09, 5.2157137192e-09
451.0, 6.15726206556e-09, 7.26766737537e-09
451.5, 8.81534690115e-09, 9.16615594387e-09
452.0, 1.08839097512e-08, 1.03112449954e-08
452.5, 1.22193057301e-08, 1.02990843118e-08
453.0, 1.01856635017e-08, 8.64055871184e-09
453.5, 7.22757810605e-09, 6.80379946443e-09
454.0, 6.14000513208e-09, 5.62834191451e-09
454.5, 4.87601137439e-09, 4.92941012534e-09
455.0, 3.56983391529e-09, 4.01010892187e-09
455.5, 2.4966780115e-09, 2.91898615321e-09
456.0, 1.74886741558e-09, 1.91153151723e-09
456.5, 1.24216095819e-09, 1.28424320042e-09
457.0, 8.01502234781e-10, 7.21915282493e-10
457.5, 4.28157822609e-10, 3.94860960579e-10
458.0, 3.39717889158e-10, 1.95472427924e-10
458.5, 8.08298843978e-10, 2.32953547086e-10
459.0, 3.3071886011e-10, 2.61339012092e-10
459.5, 7.49009969422e-10, 2.71652066269e-10
460.0, 3.28607888376e-10, 1.89971868952e-10
460.5, 3.04511756848e-10, 7.89602705066e-11
461.0, 6.70027268237e-10, 3.26766913988e-10
461.5, 8.45916921327e-10, 5.3266612355e-10
462.0, 8.30284089535e-10, 7.52174897479e-10
462.5, 8.86891803201e-10, 1.00922934836e-09
463.0, 7.86655579706e-10, 9.83501240408e-10
463.5, 8.4263920359e-10, 1.00706774871e-09
464.0, 1.2800033371e-09, 1.35925056458e-09
464.5, 1.25312736772e-09, 1.67139415219e-09
465.0, 1.77767574998e-09, 1.96872623682e-09
465.5, 1.90423308215e-09, 3.0200393136e-09
466.0, 2.78074044503e-09, 4.94401711096e-09
466.5, 4.60629518423e-09, 7.5978539252e-09
467.0, 6.28958666857e-09, 1.04535435956e-08
467.5, 7.22599953235e-09, 1.24575084359e-08
468.0, 7.41039198505e-09, 1.20173838704e-08
468.5, 5.80627722405e-09, 9.33638508126e-09
469.0, 4.31600872996e-09, 6.39215490922e-09
469.5, 2.80297937937e-09, 4.51882606351e-09
470.0, 2.22896015754e-09, 3.21513808095e-09
470.5, 2.03968125157e-09, 2.81933251282e-09
471.0, 1.78932772839e-09, 2.54093842808e-09
471.5, 1.4757417561e-09, 2.19907937993e-09
472.0, 1.43550650808e-09, 1.81851072613e-09
472.5, 1.42081047784e-09, 1.8729693103e-09
473.0, 1.38987695047e-09, 1.45712084003e-09
473.5, 1.65439498489e-09, 1.28916603958e-09
474.0, 1.38683590924e-09, 1.32077400571e-09
474.5, 1.42285090315e-09, 1.53897078805e-09
475.0, 1.92385108566e-09, 2.12088722269e-09
475.5, 1.72090248363e-09, 2.21366498202e-09
476.0, 1.22661431402e-09, 1.71311886475e-09
476.5, 1.22690164487e-09, 1.16190406284e-09
477.0, 8.23123145428e-10, 2.70312980922e-10
477.5, 1.92332393658e-10, -1.89200400699e-10
478.0, 1.51083170698e-10, -3.42797076078e-10
478.5, 5.87731782725e-10, -3.38913214831e-10
479.0, 7.62351091068e-10, -2.22681527472e-11
479.5, 7.73390785804e-10, 3.8702547583e-11
480.0, 4.34598385445e-10, -9.06185649287e-11
480.5, 5.09318163572e-10, -1.01871894678e-10
481.0, 2.59414602867e-10, -2.2749406049e-10
481.5, 4.0439131393e-10, -6.75715928092e-11
482.0, 1.96755784088e-10, -6.08784210584e-11
482.5, 3.47194119688e-10, 6.29668888456e-11
483.0, 5.70349646216e-10, 1.68100532034e-10
483.5, 5.05166533194e-10, 3.58412571705e-10
484.0, 5.31229880388e-10, 3.25078281212e-10
484.5, 9.08859717489e-10, 3.93559722753e-10
485.0, 1.10693216032e-09, 3.92985864523e-10
485.5, 1.26083084094e-09, 5.01160552032e-10
486.0, 1.38224058128e-09, 5.18601524716e-10
486.5, 1.10188608842e-09, 6.33536698576e-10
487.0, 1.09201337169e-09, 7.43505260266e-10
487.5, 1.40002080326e-09, 6.10919952022e-10
488.0, 1.62307628733e-09, 8.19530961372e-10
488.5, 1.7727639033e-09, 1.06416719055e-09
489.0, 1.73835724463e-09, 1.06862466742e-09
489.5, 1.6461785489e-09, 1.05444132868e-09
490.0, 1.66942789754e-09, 1.33911044672e-09
490.5, 1.72232883284e-09, 1.51337974978e-09
491.0, 1.97180597513e-09, 1.6581879935e-09
491.5, 1.93912170495e-09, 2.0336452133e-09
492.0, 1.66347197152e-09, 2.05512718866e-09
492.5, 1.98576386195e-09, 1.82219837912e-09
493.0, 1.43750436612e-09, 1.59564537983e-09
493.5, 1.38645244164e-09, 1.49517051474e-09
494.0, 1.83351822696e-09, 1.59049476797e-09
494.5, 1.79137599149e-09, 1.98016285323e-09
495.0, 1.55448913794e-09, 2.35472223172e-09
495.5, 1.98782246976e-09, 3.10247018629e-09
496.0, 3.15144859565e-09, 4.80693957873e-09
496.5, 5.02273672099e-09, 8.35154590756e-09
497.0, 9.16290913964e-09, 1.72789501599e-08
497.5, 1.80254465333e-08, 3.50788823216e-08
498.0, 3.4358421151e-08, 5.56866990514e-08
498.5, 4.88801790172e-08, 6.6827391074e-08
499.0, 4.39337173264e-08, 6.33704334513e-08
499.5, 2.9779357302e-08, 4.72380608117e-08
500.0, 1.71880991296e-08, 2.6438223084e-08
500.5, 9.1267549814e-09, 1.30587325938e-08
501.0, 5.00114344833e-09, 6.86638132464e-09
501.5, 3.09704512541e-09, 4.08122979307e-09
502.0, 2.1378358899e-09, 2.8494910974e-09
502.5, 1.69814512889e-09, 2.0804198443e-09
503.0, 1.50392415202e-09, 1.832108303e-09
503.5, 1.94343597373e-09, 1.60896165501e-09
504.0, 1.13233656083e-09, 1.15974273679e-09
504.5, 9.94162345173e-10, 8.62045057872e-10
505.0, 8.21745758158e-10, 8.16124093646e-10
505.5, 9.61638199084e-10, 6.91296214255e-10
506.0, 1.17054744354e-09, 7.86612527044e-10
506.5, 9.95156947443e-10, 7.90300021143e-10
507.0, 1.07541627713e-09, 7.38801624442e-10
507.5, 1.4476569482e-09, 7.95902220966e-10
508.0, 1.34590818257e-09, 8.04542713737e-10
508.5, 1.67957299512e-09, 8.54181931075e-10
509.0, 1.3863742699e-09, 7.99205920431e-10
509.5, 1.3222037885e-09, 8.0817323309e-10
510.0, 8.59075821063e-10, 8.38252878979e-10
510.5, 6.33230886793e-10, 7.17025128154e-10
511.0, 5.99767410198e-10, 6.82548261012e-10
511.5, 4.13150574668e-10, 5.48112161972e-10
512.0, 7.87131419555e-10, 7.35426739802e-10
512.5, 7.63737257245e-10, 7.82733156995e-10
513.0, 2.29662020668e-10, 9.27188000822e-10
513.5, 2.89118154285e-10, 8.65268404154e-10
514.0, 1.1868072442e-09, 1.8711337581e-09
514.5, 2.65921481352e-09, 5.09950003418e-09
515.0, 4.63838340894e-09, 8.45036704289e-09
515.5, 5.60768782657e-09, 9.79966789937e-09
516.0, 5.31871295509e-09, 8.17210854349e-09
516.5, 3.41484568842e-09, 4.85522247087e-09
517.0, 1.26156472982e-09, 1.93936530103e-09
517.5, 3.32237278495e-10, 6.75736784447e-10
518.0, 1.83640346665e-10, 4.8132203205e-10
518.5, 1.5838602883e-10, 3.82813552053e-10
519.0, 1.56166414487e-10, 3.03380880779e-10
519.5, 1.9351722564e-10, 2.7124539227e-10
520.0, 1.27175617353e-10, 3.65065946737e-10
520.5, -7.50007469149e-11, 3.32275952431e-10
521.0, -4.07651060621e-11, 4.55019324693e-10
521.5, -7.82779151387e-11, 3.48613116654e-10
522.0, -6.25984621864e-11, 3.32587702831e-10
522.5, -6.25553155118e-11, 4.21785008611e-10
523.0, -5.78309500906e-11, 4.39026212072e-10
523.5, -1.4677453102e-11, 3.77298491431e-10
524.0, 1.62667797493e-10, 4.62526391981e-10
524.5, 1.01174354374e-10, 4.88071636155e-10
525.0, -1.1326251196e-11, 5.31369948765e-10
525.5, 4.88001581401e-11, 4.66708381752e-10
526.0, -1.2738713616e-11, 4.09595106882e-10
526.5, -2.05239146569e-10, 4.40459995825e-10
527.0, -1.14300252638e-10, 4.17963898506e-10
527.5, -2.62791280485e-11, 3.87914039747e-10
528.0, 2.07717637415e-11, 4.07047704801e-10
528.5, -3.01385630013e-10, 5.5102328764e-10
529.0, -2.62956990794e-10, 4.87185038399e-10
529.5, -2.22497455222e-10, 5.63328599589e-10
530.0, -1.58910441462e-10, 5.16097663027e-10
530.5, 4.0164808938e-12, 6.26584742971e-10
531.0, 6.26951383373e-11, 7.57654826899e-10
531.5, -6.72648816577e-11, 7.33813909227e-10
532.0, -2.47484483426e-11, 7.29051993791e-10
532.5, 4.78108090249e-10, 1.01251184049e-09
533.0, 1.08135446351e-09, 1.64255110682e-09
533.5, 2.04056699279e-09, 2.92148967263e-09
534.0, 6.93098742818e-09, 6.39819437602e-09
534.5, 1.46282585733e-08, 1.26451257879e-08
535.0, 2.46252419982e-08, 1.87829287006e-08
535.5, 2.98684772533e-08, 2.25806471795e-08
536.0, 2.8709958517e-08, 2.20575327475e-08
536.5, 2.35072608231e-08, 1.81115618035e-08
537.0, 1.85966711947e-08, 1.43595082095e-08
537.5, 1.51350979985e-08, 1.24307059191e-08
538.0, 1.31154481846e-08, 1.059074806e-08
538.5, 1.17513849895e-08, 9.46121771142e-09
539.0, 1.01975339549e-08, 8.64303379262e-09
539.5, 8.26744937723e-09, 7.51408248374e-09
540.0, 7.36478776707e-09, 6.56978514992e-09
540.5, 6.62500591617e-09, 6.65840594977e-09
541.0, 7.23622639738e-09, 7.08682323183e-09
541.5, 7.49125303384e-09, 7.81194488907e-09
542.0, 8.05809283563e-09, 8.55626152759e-09
542.5, 7.57423134724e-09, 8.68244478252e-09
543.0, 7.23758591035e-09, 8.66933635415e-09
543.5, 7.41284316785e-09, 8.40437276105e-09
544.0, 9.24544337305e-09, 1.00283323665e-08
544.5, 1.68186819164e-08, 1.93191693107e-08
545.0, 5.11694425019e-08, 4.40616139603e-08
545.5, 1.03218972335e-07, 6.97740399668e-08
546.0, 1.2435001326e-07, 7.93517974343e-08
546.5, 1.07177112437e-07, 7.02233899633e-08
547.0, 5.42605713441e-08, 4.51389519874e-08
547.5, 2.08384098652e-08, 2.2011132403e-08
548.0, 1.21937783234e-08, 1.21880530721e-08
548.5, 9.61148823983e-09, 1.02362978368e-08
549.0, 8.89327149235e-09, 9.52701324671e-09
549.5, 8.39442038604e-09, 9.51749127542e-09
550.0, 7.82129266352e-09, 9.40420569828e-09
550.5, 8.08686412069e-09, 9.68905267044e-09
551.0, 8.84081285859e-09, 1.05304653671e-08
551.5, 8.82973976133e-09, 1.06808462862e-08
552.0, 8.45235017406e-09, 1.03613630923e-08
552.5, 8.34046325479e-09, 1.02419513754e-08
553.0, 8.15303503237e-09, 1.00374067892e-08
553.5, 7.4827237818e-09, 9.98503315882e-09
554.0, 7.65717593262e-09, 9.39739996466e-09
554.5, 6.93586643259e-09, 9.23398522142e-09
555.0, 6.88731857737e-09, 9.46531668337e-09
555.5, 6.72916265717e-09, 9.91204671141e-09
556.0, 7.24834138523e-09, 1.22342248099e-08
556.5, 7.92643084399e-09, 1.58061206838e-08
557.0, 9.93227266963e-09, 2.01286744803e-08
557.5, 1.14596274431e-08, 2.23388492263e-08
558.0, 1.17245813078e-08, 2.26220117595e-08
558.5, 1.16813340729e-08, 2.0905054044e-08
559.0, 1.16397542533e-08, 1.9012570158e-08
559.5, 1.12431810065e-08, 1.88295932604e-08
560.0, 1.11244179841e-08, 1.90027682289e-08
560.5, 1.19878836156e-08, 2.01234925929e-08
561.0, 1.21486914305e-08, 2.07409437673e-08
561.5, 1.28514886455e-08, 2.15208847335e-08
562.0, 1.28646958503e-08, 2.21819030346e-08
562.5, 1.32287798759e-08, 2.3040709917e-08
563.0, 1.42610947898e-08, 2.39588986179e-08
563.5, 1.54530175418e-08, 2.6215728275e-08
564.0, 1.69351944738e-08, 2.90027816714e-08
564.5, 2.04407646188e-08, 3.32254680961e-08
565.0, 2.7169970971e-08, 4.10866341991e-08
565.5, 4.17840888859e-08, 5.42098482797e-08
566.0, 7.50304691756e-08, 7.62892716001e-08
566.5, 1.37609795408e-07, 1.18549545641e-07
567.0, 2.39341977977e-07, 1.91126083111e-07
567.5, 3.73565975058e-07, 2.84442618947e-07
568.0, 4.82952309998e-07, 3.60264054063e-07
568.5, 5.15068723491e-07, 3.81672112726e-07
569.0, 4.552261301e-07, 3.37112658489e-07
569.5, 3.28152661731e-07, 2.48044034551e-07
570.0, 1.95778141551e-07, 1.55999804033e-07
570.5, 1.04654483981e-07, 9.28498957601e-08
571.0, 5.69341955739e-08, 6.25648647243e-08
571.5, 3.68945589196e-08, 5.0260502428e-08
572.0, 2.92164186485e-08, 4.46205764663e-08
572.5, 2.6989948213e-08, 4.16639432992e-08
573.0, 2.59721259738e-08, 4.07874658865e-08
573.5, 2.54415489828e-08, 4.13595368572e-08
574.0, 2.61957376344e-08, 4.26476702248e-08
574.5, 3.19998201002e-08, 4.66402869742e-08
575.0, 4.50990668503e-08, 5.41551295043e-08
575.5, 6.82100304361e-08, 6.6233039722e-08
576.0, 9.239383475e-08, 7.90797027562e-08
576.5, 1.10206297113e-07, 8.85864049881e-08
577.0, 1.17495713925e-07, 9.45713753207e-08
577.5, 1.23977116319e-07, 9.91275567918e-08
578.0, 1.33492078855e-07, 1.04016134273e-07
578.5, 1.40774810822e-07, 1.09502127819e-07
579.0, 1.423522432e-07, 1.1152419547e-07
579.5, 1.39487298219e-07, 1.10337448879e-07
580.0, 1.34147758926e-07, 1.09050736067e-07
580.5, 1.3533302136e-07, 1.1233223401e-07
581.0, 1.44680007593e-07, 1.19706808613e-07
581.5, 1.5970236573e-07, 1.298861044e-07
582.0, 1.77333478607e-07, 1.41696755267e-07
582.5, 1.96830324657e-07, 1.54747990328e-07
583.0, 2.12995260519e-07, 1.68918052644e-07
583.5, 2.328499993e-07, 1.8233893826e-07
584.0, 2.52345536661e-07, 1.95053308055e-07
584.5, 2.66184959511e-07, 2.05777149536e-07
585.0, 2.76783528617e-07, 2.12583245998e-07
585.5, 2.75797548169e-07, 2.10815682356e-07
586.0, 2.55144235343e-07, 1.96835142877e-07
586.5, 2.16434459434e-07, 1.69320871733e-07
587.0, 1.69581441853e-07, 1.31026222983e-07
587.5, 1.17327399607e-07, 9.0353959089e-08
588.0, 7.23702539907e-08, 6.06432205594e-08
588.5, 4.57588353751e-08, 4.46767216192e-08
589.0, 4.34123423317e-08, 4.19865137683e-08
589.5, 6.14148442438e-08, 5.18022456945e-08
590.0, 9.39627226097e-08, 7.31677714949e-08
590.5, 1.39713025391e-07, 1.03636903089e-07
591.0, 1.91680807879e-07, 1.39649691481e-07
591.5, 2.37971956179e-07, 1.76303746535e-07
592.0, 2.77096791115e-07, 2.05851223223e-07
592.5, 3.07619111714e-07, 2.26213715576e-07
593.0, 3.24021829984e-07, 2.37980863942e-07
593.5, 3.28160988308e-07, 2.42154160177e-07
594.0, 3.26977194225e-07, 2.41603380844e-07
594.5, 3.22030403038e-07, 2.38269958457e-07
595.0, 3.14602569989e-07, 2.33843246558e-07
595.5, 3.05406606779e-07, 2.27211395376e-07
596.0, 2.94129729394e-07, 2.19085667925e-07
596.5, 2.83197936366e-07, 2.11158388311e-07
597.0, 2.70912095729e-07, 2.03337466517e-07
597.5, 2.57351336324e-07, 1.95200412513e-07
598.0, 2.45006221709e-07, 1.86177525278e-07
598.5, 2.35094141467e-07, 1.78036954964e-07
599.0, 2.23905745984e-07, 1.70540135317e-07
599.5, 2.12173085582e-07, 1.6274355064e-07
600.0, 2.00448253998e-07, 1.54757405363e-07
600.5, 1.88224523161e-07, 1.47871749082e-07
601.0, 1.78287412764e-07, 1.40535469546e-07
601.5, 1.71671394605e-07, 1.34103143592e-07
602.0, 1.61704870852e-07, 1.282917565e-07
602.5, 1.51005643605e-07, 1.22500313852e-07
603.0, 1.4560775403e-07, 1.16544362421e-07
603.5, 1.36477634527e-07, 1.11298968063e-07
604.0, 1.29974178301e-07, 1.06080784535e-07
604.5, 1.21805048051e-07, 1.01354845336e-07
605.0, 1.15484736845e-07, 9.70246766274e-08
605.5, 1.12229111594e-07, 9.22760817988e-08
606.0, 1.06964473925e-07, 8.87644130411e-08
606.5, 1.00931351479e-07, 8.65152568722e-08
607.0, 9.56930805274e-08, 8.33411785048e-08
607.5, 9.16183277033e-08, 8.07347187018e-08
608.0, 9.03938813103e-08, 7.89174810639e-08
608.5, 9.44559991462e-08, 7.84568752876e-08
609.0, 1.00686999808e-07, 8.0209779902e-08
609.5, 1.08567297473e-07, 8.3022896496e-08
610.0, 1.13807797553e-07, 8.4520721091e-08
610.5, 1.15800953212e-07, 8.32561484237e-08
611.0, 1.07151087109e-07, 7.8799180912e-08
611.5, 9.42325522648e-08, 7.29108188517e-08
612.0, 8.02347516269e-08, 6.72799061923e-08
612.5, 7.41618098097e-08, 6.51535182641e-08
613.0, 7.77412426583e-08, 6.89877095016e-08
613.5, 9.49233485531e-08, 8.02110804024e-08
614.0, 1.19501354061e-07, 9.59091804659e-08
614.5, 1.3651621611e-07, 1.08738454155e-07
615.0, 1.39687374161e-07, 1.10652806662e-07
615.5, 1.23108854559e-07, 9.84581268181e-08
616.0, 9.12821966141e-08, 7.85894156625e-08
616.5, 5.99513469542e-08, 6.02020126171e-08
617.0, 4.19863316962e-08, 4.79957206476e-08
617.5, 3.41931486631e-08, 4.21549489252e-08
618.0, 3.14993432104e-08, 4.02311700327e-08
618.5, 2.90797429644e-08, 3.8471231357e-08
619.0, 2.75286531701e-08, 3.60745648625e-08
619.5, 2.61540920384e-08, 3.39878473847e-08
620.0, 2.38291332721e-08, 3.20325487392e-08
620.5, 2.21189479607e-08, 2.9963615929e-08
621.0, 2.1532580563e-08, 2.86800856787e-08
621.5, 2.02273622111e-08, 2.69445817192e-08
622.0, 1.92314743116e-08, 2.5749507791e-08
622.5, 1.91826880882e-08, 2.51822708641e-08
623.0, 1.89042804807e-08, 2.52526177179e-08
623.5, 1.79040015293e-08, 2.44159830891e-08
624.0, 1.75470615566e-08, 2.39179023957e-08
624.5, 1.79086244287e-08, 2.27063756822e-08
625.0, 1.72767524954e-08, 2.16316835291e-08
625.5, 1.60415770558e-08, 2.05117614265e-08
626.0, 1.56630672761e-08, 1.95470746612e-08
626.5, 1.40754700354e-08, 1.81085014045e-08
627.0, 1.41079283515e-08, 1.7591698146e-08
627.5, 1.47627033278e-08, 1.71626989581e-08
628.0, 1.59931305734e-08, 1.7373737931e-08
628.5, 1.79971009065e-08, 1.74636367959e-08
629.0, 1.86611956258e-08, 1.74815363711e-08
629.5, 1.74079941666e-08, 1.66673246231e-08
630.0, 1.53033597103e-08, 1.57929505221e-08
630.5, 1.28476895059e-08, 1.43275871049e-08
631.0, 1.10671970721e-08, 1.30178592912e-08
631.5, 9.88526879305e-09, 1.23221224239e-08
632.0, 8.98366071881e-09, 1.17245220782e-08
632.5, 8.91292977893e-09, 1.10011232755e-08
633.0, 8.52699069522e-09, 1.03203803069e-08
633.5, 8.49501455102e-09, 1.00749338624e-08
634.0, 8.19499714735e-09, 1.01470734743e-08
634.5, 9.01057818089e-09, 9.69838648312e-09
635.0, 8.63832411973e-09, 9.5910406534e-09
635.5, 8.47996025743e-09, 9.34932492534e-09
636.0, 7.85510187354e-09, 9.47703441567e-09
636.5, 6.86026999851e-09, 8.69537574358e-09
637.0, 7.14753490251e-09, 8.28626582008e-09
637.5, 6.63471493641e-09, 8.13086349997e-09
638.0, 6.317012488e-09, 8.12761402394e-09
638.5, 6.08979172079e-09, 7.65152524324e-09
639.0, 5.4988754041e-09, 7.02883431617e-09
639.5, 5.42694643456e-09, 6.80992727365e-09
640.0, 5.73708874875e-09, 6.81952061011e-09
640.5, 5.59160319249e-09, 6.50485730229e-09
641.0, 5.12594143357e-09, 6.07741031468e-09
641.5, 4.3341769223e-09, 5.91971367632e-09
642.0, 4.40201083031e-09, 5.83285539985e-09
642.5, 4.00861350676e-09, 5.36633550914e-09
643.0, 4.10046426063e-09, 5.16092073928e-09
643.5, 4.29369716476e-09, 5.14308772363e-09
644.0, 3.60839855988e-09, 4.92786955718e-09
644.5, 3.85771936906e-09, 4.61125417901e-09
645.0, 3.55060860611e-09, 4.31585594906e-09
645.5, 3.22329754046e-09, 3.77009382071e-09
646.0, 3.35477152294e-09, 3.56186742269e-09
646.5, 3.18946658982e-09, 3.26405783222e-09
647.0, 2.82255089985e-09, 3.09574532323e-09
647.5, 2.74934880355e-09, 3.1223137101e-09
648.0, 2.74288306028e-09, 3.10095964012e-09
648.5, 2.67501676831e-09, 2.96931124967e-09
649.0, 2.6130206863e-09, 2.77818094733e-09
649.5, 2.28839485034e-09, 2.70335257607e-09
650.0, 2.03293759972e-09, 2.46702495637e-09
650.5, 2.26880799405e-09, 2.51710825804e-09
651.0, 2.0518819433e-09, 2.37096623843e-09
651.5, 1.69913390319e-09, 2.27838971651e-09
652.0, 2.4532850227e-09, 2.48601924044e-09
652.5, 2.7536073785e-09, 2.64465124796e-09
653.0, 2.85889062684e-09, 2.75218571431e-09
653.5, 2.55100231627e-09, 2.68560101178e-09
654.0, 2.75105320033e-09, 2.79968806513e-09
654.5, 2.85945971556e-09, 2.78521375433e-09
655.0, 2.83365941591e-09, 2.93784509148e-09
655.5, 2.75293036375e-09, 2.69547820163e-09
656.0, 2.68961786433e-09, 2.591289707e-09
656.5, 2.21234078721e-09, 2.36315542229e-09
657.0, 1.9746672355e-09, 1.95573404033e-09
657.5, 2.29022188901e-09, 2.01509043751e-09
658.0, 2.3733388692e-09, 2.01476273265e-09
658.5, 2.02135489529e-09, 2.01676416781e-09
659.0, 1.69679917972e-09, 1.74044479461e-09
659.5, 1.99786917988e-09, 1.89782022591e-09
660.0, 1.90833289789e-09, 1.61302296315e-09
660.5, 1.65668136284e-09, 1.19104819409e-09
661.0, 1.46857684353e-09, 1.1226768416e-09
661.5, 1.62550104382e-09, 1.1429852711e-09
662.0, 1.99049398488e-09, 1.10501587426e-09
662.5, 1.50249329189e-09, 1.24067034743e-09
663.0, 7.49348178436e-10, 1.13854546379e-09
663.5, 1.34934043974e-09, 1.27286329322e-09
664.0, 1.61443649576e-09, 1.43981926002e-09
664.5, 1.41238556485e-09, 1.60524955071e-09
665.0, 1.58865013379e-09, 1.66278552045e-09
665.5, 1.4603956867e-09, 1.59984990817e-09
666.0, 1.07113786638e-09, 1.52337720003e-09
666.5, 1.12780119232e-09, 1.48561345641e-09
667.0, 1.94756694161e-09, 1.75601865823e-09
667.5, 2.78476885435e-09, 2.19276842255e-09
668.0, 2.92814253678e-09, 2.55925610102e-09
668.5, 3.34951862529e-09, 2.85606958104e-09
669.0, 3.84852893746e-09, 2.90953349947e-09
669.5, 4.24207592949e-09, 2.97197127141e-09
670.0, 3.7396714612e-09, 2.60010856787e-09
670.5, 2.70926447388e-09, 2.28375740524e-09
671.0, 2.08478645961e-09, 1.80163556163e-09
671.5, 1.88442449565e-09, 1.7897039313e-09
672.0, 2.05082941814e-09, 1.76591555638e-09
672.5, 1.95751589558e-09, 1.50394904708e-09
673.0, 1.4390207547e-09, 1.26707184921e-09
673.5, 1.59681812354e-09, 9.84183220573e-10
674.0, 1.16532647468e-09, 1.14049466221e-09
674.5, 5.85776042262e-10, 1.030369068e-09
675.0, 1.00533028256e-09, 9.21164495341e-10
675.5, 1.30138139978e-09, 6.79409753504e-10
676.0, 8.94203284806e-10, 4.9964552226e-10
676.5, 7.75066188867e-10, 5.82155238455e-10
677.0, 9.10553849264e-10, 5.35284355128e-10
677.5, 7.87220267324e-10, 3.42969090002e-10
678.0, 6.25166381999e-10, 1.10034458905e-10
678.5, 7.2913208678e-11, 1.30614010107e-10
679.0, 8.19891121477e-10, 4.23690239142e-12
679.5, 3.2908402727e-10, -1.29123750269e-10
680.0, 5.46002102764e-10, 1.66268199034e-10
680.5, 5.69241626792e-10, 1.63608024785e-10
681.0, 4.61961729557e-10, 9.8562082177e-11
681.5, 4.24334307536e-10, 6.31316220065e-11
682.0, 4.6096846316e-10, 4.69010271127e-11
682.5, 1.85849971715e-12, -3.39249163421e-10
683.0, 7.00782039294e-10, -7.53400848508e-10
683.5, 4.66548362896e-10, -6.9445911361e-10
684.0, -1.66448762919e-10, -7.90392612569e-10
684.5, -1.97390804175e-10, -9.64368218706e-10
685.0, -3.84337415457e-10, -1.17147687696e-09
685.5, -4.5620924848e-10, -1.32874506679e-09
686.0, -3.72647150675e-10, -1.3614364567e-09
686.5, -4.54532670281e-10, -1.25313280131e-09
687.0, -2.70364020148e-10, -1.21250820197e-09
687.5, -1.42262889353e-10, -1.22100183865e-09
688.0, -4.84326144389e-10, -1.16404009995e-09
688.5, -4.33404720786e-10, -1.11900413323e-09
689.0, -1.25993497341e-10, -1.09721009023e-09
689.5, -3.26368179045e-10, -1.12651690097e-09
690.0, 1.08086189036e-10, -1.11635472438e-09
690.5, -1.11676863426e-10, -1.0754190633e-09
691.0, -1.58171065383e-10, -1.00427682718e-09
691.5, -4.88750172551e-10, -9.74355530536e-10
692.0, -4.44590677308e-11, -9.07246689814e-10
692.5, -7.28655745148e-11, -6.75471049564e-10
693.0, -7.05205206908e-11, -6.50448257331e-10
693.5, -6.22465036168e-10, -6.09056805933e-10
694.0, -4.92127825905e-10, -4.93980410138e-10
694.5, 8.18239249961e-11, -3.45858364342e-10
695.0, 1.65995487704e-10, -1.38657339341e-10
695.5, 1.83297318174e-10, -8.9914275153e-11
696.0, 3.30176102913e-10, -2.73955342895e-10
696.5, 4.12773958664e-10, -5.3248190473e-10
697.0, 2.71521349483e-10, -7.06621906617e-10
697.5, 2.00767155982e-10, -5.54154272352e-10
698.0, 3.11734544581e-10, -3.60702640148e-10
698.5, 6.46629063184e-11, -4.5264657221e-10
699.0, 2.37454752189e-10, -4.61005883482e-10
699.5, 5.1897724326e-10, -4.31868282687e-10
700.0, 4.48334612093e-10, -3.86072738732e-10
700.5, 3.65613284164e-10, -9.8754776439e-11
701.0, 9.92117607988e-10, 1.21583497978e-10
701.5, 1.4721182374e-09, 2.39484531619e-10
702.0, 8.82681305161e-10, 2.144501614e-10
702.5, 1.24414333568e-09, 2.30508004268e-10
703.0, 1.06541611425e-09, 2.00668722964e-10
703.5, 8.99117920681e-10, 2.06427580563e-10
704.0, 1.67881324546e-09, 2.77037108103e-10
704.5, 1.42436613292e-09, 1.97112830814e-10
705.0, 8.67804180978e-10, 4.69810460856e-10
705.5, 9.73238685945e-10, 7.7904456391e-10
706.0, 8.85496927497e-10, 4.21887247434e-10
706.5, 1.23574721876e-09, 3.24618344374e-10
707.0, 1.54210719906e-09, 2.52069661667e-10
707.5, 1.43131437444e-09, 1.47472782529e-10
708.0, 1.85985495215e-09, 4.05466494901e-11
708.5, 1.88521770121e-09, 2.95808949727e-10
709.0, 1.54768467814e-09, 4.13693706563e-10
709.5, 1.92844547888e-09, 5.63664927453e-10
710.0, 1.67598769926e-09, 6.77652483253e-10
710.5, 1.05134054779e-09, 5.63362959249e-10
711.0, 1.3945679323e-09, 2.09825487389e-10
711.5, 7.47567494346e-10, 2.98644557767e-10
712.0, 2.88203733157e-09, 3.42195562061e-10
712.5, 1.93274567474e-09, 2.88994494994e-10
713.0, 1.87799514307e-09, 4.05162859037e-10
713.5, 1.11113529526e-09, 9.08680709544e-11
714.0, 1.06916385434e-09, -9.54260982913e-11
714.5, 1.31073445347e-09, -4.04297409576e-11
715.0, 1.53773020084e-09, -1.80488967734e-10
715.5, 1.30866260976e-09, -7.68408180571e-11
716.0, 1.82497866882e-09, -1.21520024772e-11
716.5, 1.91316035111e-09, -1.57934564087e-10
717.0, 1.58170162782e-09, 7.96841428149e-11
717.5, 1.60471224707e-09, 2.07916957058e-10
718.0, 1.83473885182e-09, 3.94732730741e-10
718.5, 2.14815951001e-09, 6.27131240524e-10
719.0, 2.46119265774e-09, 5.92662553488e-10
719.5, 2.83032437716e-09, 9.58953960998e-10
720.0, 3.42848111795e-09, 1.6652110213e-09
720.5, 3.92248005784e-09, 1.82692770489e-09
721.0, 3.78034530663e-09, 1.3888931248e-09
721.5, 4.37677564505e-09, 1.63727039148e-09
722.0, 3.70979762439e-09, 1.68908536814e-09
722.5, 3.17093533144e-09, 1.75533038323e-09
723.0, 3.4912200751e-09, 1.64056616316e-09
723.5, 4.50037942087e-09, 1.57869794818e-09
724.0, 4.47255504267e-09, 1.67483913196e-09
724.5, 4.85290807302e-09, 2.18168158385e-09
725.0, 3.64639467223e-09, 2.04881167899e-09
725.5, 3.31562492376e-09, 1.89261575159e-09
726.0, 4.47312732953e-09, 1.82765369154e-09
726.5, 4.99055566619e-09, 2.19309060152e-09
727.0, 5.41567756473e-09, 2.02928858817e-09
727.5, 5.14066233627e-09, 2.09248321967e-09
728.0, 4.86223423263e-09, 2.13063132654e-09
728.5, 4.5803640982e-09, 2.09590353866e-09
729.0, 4.29502263043e-09, 2.06001004988e-09
729.5, 4.00618037958e-09, 2.02293293426e-09
730.0, 3.71380774837e-09, 1.9846541292e-09
